,wrapperType,kind,artistId,collectionId,trackId,artistName,collectionName,trackName,collectionCensoredName,trackCensoredName,artistViewUrl,collectionViewUrl,trackViewUrl,previewUrl,artworkUrl30,artworkUrl60,artworkUrl100,collectionPrice,trackPrice,releaseDate,collectionExplicitness,trackExplicitness,discCount,discNumber,trackCount,trackNumber,trackTimeMillis,country,currency,primaryGenreName,isStreamable,collectionArtistName
0,track,song,136975,1441164495,1441164738,The Beatles,Let It Be,Let It Be,Let It Be,Let It Be,https://music.apple.com/us/artist/the-beatles/136975?uo=4,https://music.apple.com/us/album/let-it-be/1441164495?i=1441164738&uo=4,https://music.apple.com/us/album/let-it-be/1441164495?i=1441164738&uo=4,https://audio-ssl.itunes.apple.com/itunes-assets/AudioPreview128/v4/01/ff/05/01ff05d6-7892-4176-5efb-41a5438802d7/mzaf_8251314256578817405.plus.aac.p.m4a,https://is2-ssl.mzstatic.com/image/thumb/Music118/v4/63/9b/2c/639b2caf-0186-39c3-b165-cac5eae1f38e/source/30x30bb.jpg,https://is2-ssl.mzstatic.com/image/thumb/Music118/v4/63/9b/2c/639b2caf-0186-39c3-b165-cac5eae1f38e/source/60x60bb.jpg,https://is2-ssl.mzstatic.com/image/thumb/Music118/v4/63/9b/2c/639b2caf-0186-39c3-b165-cac5eae1f38e/source/100x100bb.jpg,12.99,1.29,1970-03-06T12:00:00Z,notExplicit,notExplicit,1,1,12,6,243027,USA,USD,Rock,True,
1,track,song,136975,1441133100,1441133277,The Beatles,The Beatles 1967-1970 (The Blue Album),Hey Jude,The Beatles 1967-1970 (The Blue Album),Hey Jude,https://music.apple.com/us/artist/the-beatles/136975?uo=4,https://music.apple.com/us/album/hey-jude/1441133100?i=1441133277&uo=4,https://music.apple.com/us/album/hey-jude/1441133100?i=1441133277&uo=4,https://audio-ssl.itunes.apple.com/itunes-assets/AudioPreview118/v4/3a/10/49/3a10492d-3398-8ac3-536a-28f4fa4221d9/mzaf_3774318058101163645.plus.aac.p.m4a,https://is5-ssl.mzstatic.com/image/thumb/Music128/v4/27/70/11/2770116d-0a57-f107-ba91-bd3679d44e5f/source/30x30bb.jpg,https://is5-ssl.mzstatic.com/image/thumb/Music128/v4/27/70/11/2770116d-0a57-f107-ba91-bd3679d44e5f/source/60x60bb.jpg,https://is5-ssl.mzstatic.com/image/thumb/Music128/v4/27/70/11/2770116d-0a57-f107-ba91-bd3679d44e5f/source/100x100bb.jpg,19.99,1.29,1968-08-26T12:00:00Z,notExplicit,notExplicit,2,1,14,13,431333,USA,USD,Rock,True,
2,track,song,136975,1474815798,1474815898,The Beatles,Abbey Road (2019 Mix),Here Comes the Sun,Abbey Road (2019 Mix),Here Comes the Sun (2019 Mix),https://music.apple.com/us/artist/the-beatles/136975?uo=4,https://music.apple.com/us/album/here-comes-the-sun-2019-mix/1474815798?i=1474815898&uo=4,https://music.apple.com/us/album/here-comes-the-sun-2019-mix/1474815798?i=1474815898&uo=4,https://audio-ssl.itunes.apple.com/itunes-assets/AudioPreview123/v4/a4/d6/36/a4d6368e-731a-b2dc-d1a2-786e7886fbc1/mzaf_10527553788341453800.plus.aac.p.m4a,https://is2-ssl.mzstatic.com/image/thumb/Music123/v4/6e/db/f5/6edbf5a8-b990-8f89-af12-8cc464f03da1/source/30x30bb.jpg,https://is2-ssl.mzstatic.com/image/thumb/Music123/v4/6e/db/f5/6edbf5a8-b990-8f89-af12-8cc464f03da1/source/60x60bb.jpg,https://is2-ssl.mzstatic.com/image/thumb/Music123/v4/6e/db/f5/6edbf5a8-b990-8f89-af12-8cc464f03da1/source/100x100bb.jpg,9.99,1.29,1969-09-26T12:00:00Z,notExplicit,notExplicit,1,1,17,7,185707,USA,USD,Rock,False,
3,track,song,136975,1474815798,1474815799,The Beatles,Abbey Road (2019 Mix),Come Together,Abbey Road (2019 Mix),Come Together (2019 Mix),https://music.apple.com/us/artist/the-beatles/136975?uo=4,https://music.apple.com/us/album/come-together-2019-mix/1474815798?i=1474815799&uo=4,https://music.apple.com/us/album/come-together-2019-mix/1474815798?i=1474815799&uo=4,https://audio-ssl.itunes.apple.com/itunes-assets/AudioPreview123/v4/3b/63/fb/3b63fbd0-d512-fa28-0278-8d0d4f01adad/mzaf_11251898970775172830.plus.aac.p.m4a,https://is2-ssl.mzstatic.com/image/thumb/Music123/v4/6e/db/f5/6edbf5a8-b990-8f89-af12-8cc464f03da1/source/30x30bb.jpg,https://is2-ssl.mzstatic.com/image/thumb/Music123/v4/6e/db/f5/6edbf5a8-b990-8f89-af12-8cc464f03da1/source/60x60bb.jpg,https://is2-ssl.mzstatic.com/image/thumb/Music123/v4/6e/db/f5/6edbf5a8-b990-8f89-af12-8cc464f03da1/source/100x100bb.jpg,9.99,1.29,1969-09-26T12:00:00Z,notExplicit,notExplicit,1,1,17,1,260200,USA,USD,Rock,False,
4,track,song,136975,1441164359,1441164829,The Beatles,Rubber Soul,In My Life,Rubber Soul,In My Life,https://music.apple.com/us/artist/the-beatles/136975?uo=4,https://music.apple.com/us/album/in-my-life/1441164359?i=1441164829&uo=4,https://music.apple.com/us/album/in-my-life/1441164359?i=1441164829&uo=4,https://audio-ssl.itunes.apple.com/itunes-assets/AudioPreview128/v4/31/ed/2f/31ed2f33-40e5-e7e9-1135-590c11b5449f/mzaf_5601204790489984849.plus.aac.p.m4a,https://is4-ssl.mzstatic.com/image/thumb/Music128/v4/4b/3b/6f/4b3b6fd1-56d9-db57-a599-86e9a3579fd3/source/30x30bb.jpg,https://is4-ssl.mzstatic.com/image/thumb/Music128/v4/4b/3b/6f/4b3b6fd1-56d9-db57-a599-86e9a3579fd3/source/60x60bb.jpg,https://is4-ssl.mzstatic.com/image/thumb/Music128/v4/4b/3b/6f/4b3b6fd1-56d9-db57-a599-86e9a3579fd3/source/100x100bb.jpg,12.99,1.29,1965-12-03T12:00:00Z,notExplicit,notExplicit,1,1,14,11,146333,USA,USD,Rock,True,
5,track,song,136975,1441133180,1441133613,The Beatles,The Beatles (The White Album),"Ob-La-Di, Ob-La-Da",The Beatles (The White Album),"Ob-La-Di, Ob-La-Da",https://music.apple.com/us/artist/the-beatles/136975?uo=4,https://music.apple.com/us/album/ob-la-di-ob-la-da/1441133180?i=1441133613&uo=4,https://music.apple.com/us/album/ob-la-di-ob-la-da/1441133180?i=1441133613&uo=4,https://audio-ssl.itunes.apple.com/itunes-assets/AudioPreview128/v4/9f/d3/e7/9fd3e794-0283-2460-a7cb-770f12c30f6d/mzaf_4329926607449068829.plus.aac.p.m4a,https://is5-ssl.mzstatic.com/image/thumb/Music128/v4/6f/d1/7a/6fd17a58-e715-54e1-e9d3-d63575108a4e/source/30x30bb.jpg,https://is5-ssl.mzstatic.com/image/thumb/Music128/v4/6f/d1/7a/6fd17a58-e715-54e1-e9d3-d63575108a4e/source/60x60bb.jpg,https://is5-ssl.mzstatic.com/image/thumb/Music128/v4/6f/d1/7a/6fd17a58-e715-54e1-e9d3-d63575108a4e/source/100x100bb.jpg,19.99,1.29,1968-11-22T12:00:00Z,notExplicit,notExplicit,3,1,17,4,188960,USA,USD,Rock,True,
6,track,song,136975,1441133180,1441133834,The Beatles,The Beatles (The White Album),Blackbird,The Beatles (The White Album),Blackbird,https://music.apple.com/us/artist/the-beatles/136975?uo=4,https://music.apple.com/us/album/blackbird/1441133180?i=1441133834&uo=4,https://music.apple.com/us/album/blackbird/1441133180?i=1441133834&uo=4,https://audio-ssl.itunes.apple.com/itunes-assets/AudioPreview118/v4/5d/42/3f/5d423ff6-a4f4-7810-a3db-3a92f3aeb203/mzaf_3688254684324179394.plus.aac.p.m4a,https://is5-ssl.mzstatic.com/image/thumb/Music128/v4/6f/d1/7a/6fd17a58-e715-54e1-e9d3-d63575108a4e/source/30x30bb.jpg,https://is5-ssl.mzstatic.com/image/thumb/Music128/v4/6f/d1/7a/6fd17a58-e715-54e1-e9d3-d63575108a4e/source/60x60bb.jpg,https://is5-ssl.mzstatic.com/image/thumb/Music128/v4/6f/d1/7a/6fd17a58-e715-54e1-e9d3-d63575108a4e/source/100x100bb.jpg,19.99,1.29,1968-11-22T12:00:00Z,notExplicit,notExplicit,3,1,17,11,138387,USA,USD,Rock,True,
7,track,song,136975,1441132965,1441133496,The Beatles,The Beatles 1962-1966 (The Red Album),Yesterday,The Beatles 1962-1966 (The Red Album),Yesterday,https://music.apple.com/us/artist/the-beatles/136975?uo=4,https://music.apple.com/us/album/yesterday/1441132965?i=1441133496&uo=4,https://music.apple.com/us/album/yesterday/1441132965?i=1441133496&uo=4,https://audio-ssl.itunes.apple.com/itunes-assets/AudioPreview128/v4/a3/ba/52/a3ba52d3-47d7-8b15-46bd-1dd2fb86d97d/mzaf_7788405983902907608.plus.aac.p.m4a,https://is3-ssl.mzstatic.com/image/thumb/Music128/v4/37/ea/23/37ea235c-1c40-c896-4ec5-eba461650a99/source/30x30bb.jpg,https://is3-ssl.mzstatic.com/image/thumb/Music128/v4/37/ea/23/37ea235c-1c40-c896-4ec5-eba461650a99/source/60x60bb.jpg,https://is3-ssl.mzstatic.com/image/thumb/Music128/v4/37/ea/23/37ea235c-1c40-c896-4ec5-eba461650a99/source/100x100bb.jpg,19.99,1.29,1965-08-06T12:00:00Z,notExplicit,notExplicit,2,1,13,13,123524,USA,USD,Rock,True,
8,track,song,136975,1441164604,1441164851,The Beatles,Sgt. Pepper's Lonely Hearts Club Band,With a Little Help From My Friends,Sgt. Pepper's Lonely Hearts Club Band,With a Little Help From My Friends,https://music.apple.com/us/artist/the-beatles/136975?uo=4,https://music.apple.com/us/album/with-a-little-help-from-my-friends/1441164604?i=1441164851&uo=4,https://music.apple.com/us/album/with-a-little-help-from-my-friends/1441164604?i=1441164851&uo=4,https://audio-ssl.itunes.apple.com/itunes-assets/AudioPreview118/v4/bb/33/9d/bb339dec-b39b-f83f-88cd-dd0356f18906/mzaf_6259795411686476269.plus.aac.p.m4a,https://is4-ssl.mzstatic.com/image/thumb/Music128/v4/ce/d2/af/ced2afdd-d9e8-9136-fb56-d854e91edc76/source/30x30bb.jpg,https://is4-ssl.mzstatic.com/image/thumb/Music128/v4/ce/d2/af/ced2afdd-d9e8-9136-fb56-d854e91edc76/source/60x60bb.jpg,https://is4-ssl.mzstatic.com/image/thumb/Music128/v4/ce/d2/af/ced2afdd-d9e8-9136-fb56-d854e91edc76/source/100x100bb.jpg,12.99,1.29,1967-06-01T12:00:00Z,notExplicit,notExplicit,1,1,13,2,164107,USA,USD,Rock,True,
9,track,song,136975,1441133180,1441133644,The Beatles,The Beatles (The White Album),While My Guitar Gently Weeps,The Beatles (The White Album),While My Guitar Gently Weeps,https://music.apple.com/us/artist/the-beatles/136975?uo=4,https://music.apple.com/us/album/while-my-guitar-gently-weeps/1441133180?i=1441133644&uo=4,https://music.apple.com/us/album/while-my-guitar-gently-weeps/1441133180?i=1441133644&uo=4,https://audio-ssl.itunes.apple.com/itunes-assets/AudioPreview118/v4/dd/81/c8/dd81c8bd-f4f8-9f8b-f7dd-2ecadbce4874/mzaf_3364500251211459515.plus.aac.p.m4a,https://is5-ssl.mzstatic.com/image/thumb/Music128/v4/6f/d1/7a/6fd17a58-e715-54e1-e9d3-d63575108a4e/source/30x30bb.jpg,https://is5-ssl.mzstatic.com/image/thumb/Music128/v4/6f/d1/7a/6fd17a58-e715-54e1-e9d3-d63575108a4e/source/60x60bb.jpg,https://is5-ssl.mzstatic.com/image/thumb/Music128/v4/6f/d1/7a/6fd17a58-e715-54e1-e9d3-d63575108a4e/source/100x100bb.jpg,19.99,1.29,1968-11-22T12:00:00Z,notExplicit,notExplicit,3,1,17,7,285000,USA,USD,Rock,True,
10,track,song,136975,1440833098,1440833920,The Beatles,1 (2015 Version),All You Need Is Love,1 (2015 Version),All You Need Is Love (2015 Stereo Mix),https://music.apple.com/us/artist/the-beatles/136975?uo=4,https://music.apple.com/us/album/all-you-need-is-love-2015-stereo-mix/1440833098?i=1440833920&uo=4,https://music.apple.com/us/album/all-you-need-is-love-2015-stereo-mix/1440833098?i=1440833920&uo=4,https://audio-ssl.itunes.apple.com/itunes-assets/AudioPreview118/v4/54/63/95/546395be-470a-be70-04d6-3b47951cad90/mzaf_8116058566388765711.plus.aac.p.m4a,https://is4-ssl.mzstatic.com/image/thumb/Music118/v4/0e/9b/d1/0e9bd186-2bb4-af3f-f4d0-62feb7a556da/source/30x30bb.jpg,https://is4-ssl.mzstatic.com/image/thumb/Music118/v4/0e/9b/d1/0e9bd186-2bb4-af3f-f4d0-62feb7a556da/source/60x60bb.jpg,https://is4-ssl.mzstatic.com/image/thumb/Music118/v4/0e/9b/d1/0e9bd186-2bb4-af3f-f4d0-62feb7a556da/source/100x100bb.jpg,12.99,1.29,1967-07-07T12:00:00Z,notExplicit,notExplicit,1,1,27,18,227760,USA,USD,Rock,True,
11,track,song,136975,1440833098,1440833543,The Beatles,1 (2015 Version),Can't Buy Me Love,1 (2015 Version),Can't Buy Me Love (2015 Stereo Mix),https://music.apple.com/us/artist/the-beatles/136975?uo=4,https://music.apple.com/us/album/cant-buy-me-love-2015-stereo-mix/1440833098?i=1440833543&uo=4,https://music.apple.com/us/album/cant-buy-me-love-2015-stereo-mix/1440833098?i=1440833543&uo=4,https://audio-ssl.itunes.apple.com/itunes-assets/AudioPreview118/v4/f7/8d/31/f78d319c-c991-2b84-1a26-822ab65e903d/mzaf_7847944666694571956.plus.aac.p.m4a,https://is4-ssl.mzstatic.com/image/thumb/Music118/v4/0e/9b/d1/0e9bd186-2bb4-af3f-f4d0-62feb7a556da/source/30x30bb.jpg,https://is4-ssl.mzstatic.com/image/thumb/Music118/v4/0e/9b/d1/0e9bd186-2bb4-af3f-f4d0-62feb7a556da/source/60x60bb.jpg,https://is4-ssl.mzstatic.com/image/thumb/Music118/v4/0e/9b/d1/0e9bd186-2bb4-af3f-f4d0-62feb7a556da/source/100x100bb.jpg,12.99,1.29,1964-03-16T12:00:00Z,notExplicit,notExplicit,1,1,27,5,131213,USA,USD,Rock,True,
12,track,song,136975,1440833098,1440834224,The Beatles,1 (2015 Version),Hey Jude,1 (2015 Version),Hey Jude (2015 Stereo Mix),https://music.apple.com/us/artist/the-beatles/136975?uo=4,https://music.apple.com/us/album/hey-jude-2015-stereo-mix/1440833098?i=1440834224&uo=4,https://music.apple.com/us/album/hey-jude-2015-stereo-mix/1440833098?i=1440834224&uo=4,https://audio-ssl.itunes.apple.com/itunes-assets/AudioPreview128/v4/73/ac/8c/73ac8cf8-56db-34c6-10e6-8ff93f81b3c6/mzaf_7985505075688381983.plus.aac.p.m4a,https://is4-ssl.mzstatic.com/image/thumb/Music118/v4/0e/9b/d1/0e9bd186-2bb4-af3f-f4d0-62feb7a556da/source/30x30bb.jpg,https://is4-ssl.mzstatic.com/image/thumb/Music118/v4/0e/9b/d1/0e9bd186-2bb4-af3f-f4d0-62feb7a556da/source/60x60bb.jpg,https://is4-ssl.mzstatic.com/image/thumb/Music118/v4/0e/9b/d1/0e9bd186-2bb4-af3f-f4d0-62feb7a556da/source/100x100bb.jpg,12.99,1.29,1968-08-26T12:00:00Z,notExplicit,notExplicit,1,1,27,21,425653,USA,USD,Rock,True,
13,track,song,136975,1440833098,1440834225,The Beatles & Billy Preston,1 (2015 Version),Get Back,1 (2015 Version),Get Back (2015 Stereo Mix),https://music.apple.com/us/artist/the-beatles/136975?uo=4,https://music.apple.com/us/album/get-back-2015-stereo-mix/1440833098?i=1440834225&uo=4,https://music.apple.com/us/album/get-back-2015-stereo-mix/1440833098?i=1440834225&uo=4,https://audio-ssl.itunes.apple.com/itunes-assets/AudioPreview128/v4/b4/1c/cd/b41ccd3f-cfbe-19a2-d51d-328cdad05ce1/mzaf_1428995278865194672.plus.aac.p.m4a,https://is4-ssl.mzstatic.com/image/thumb/Music118/v4/0e/9b/d1/0e9bd186-2bb4-af3f-f4d0-62feb7a556da/source/30x30bb.jpg,https://is4-ssl.mzstatic.com/image/thumb/Music118/v4/0e/9b/d1/0e9bd186-2bb4-af3f-f4d0-62feb7a556da/source/60x60bb.jpg,https://is4-ssl.mzstatic.com/image/thumb/Music118/v4/0e/9b/d1/0e9bd186-2bb4-af3f-f4d0-62feb7a556da/source/100x100bb.jpg,12.99,1.29,1969-04-11T12:00:00Z,notExplicit,notExplicit,1,1,27,22,191773,USA,USD,Rock,True,The Beatles
14,track,song,136975,1440833098,1440833911,The Beatles,1 (2015 Version),Penny Lane,1 (2015 Version),Penny Lane (2015 Stereo Mix),https://music.apple.com/us/artist/the-beatles/136975?uo=4,https://music.apple.com/us/album/penny-lane-2015-stereo-mix/1440833098?i=1440833911&uo=4,https://music.apple.com/us/album/penny-lane-2015-stereo-mix/1440833098?i=1440833911&uo=4,https://audio-ssl.itunes.apple.com/itunes-assets/AudioPreview118/v4/8a/64/99/8a649930-8993-73d2-022c-d167ee2fd4eb/mzaf_7922881405945652433.plus.aac.p.m4a,https://is4-ssl.mzstatic.com/image/thumb/Music118/v4/0e/9b/d1/0e9bd186-2bb4-af3f-f4d0-62feb7a556da/source/30x30bb.jpg,https://is4-ssl.mzstatic.com/image/thumb/Music118/v4/0e/9b/d1/0e9bd186-2bb4-af3f-f4d0-62feb7a556da/source/60x60bb.jpg,https://is4-ssl.mzstatic.com/image/thumb/Music118/v4/0e/9b/d1/0e9bd186-2bb4-af3f-f4d0-62feb7a556da/source/100x100bb.jpg,12.99,1.29,1967-02-13T12:00:00Z,notExplicit,notExplicit,1,1,27,17,180520,USA,USD,Rock,True,
15,track,song,136975,1440833098,1440833560,The Beatles,1 (2015 Version),Help!,1 (2015 Version),Help! (2015 Stereo Mix),https://music.apple.com/us/artist/the-beatles/136975?uo=4,https://music.apple.com/us/album/help-2015-stereo-mix/1440833098?i=1440833560&uo=4,https://music.apple.com/us/album/help-2015-stereo-mix/1440833098?i=1440833560&uo=4,https://audio-ssl.itunes.apple.com/itunes-assets/AudioPreview118/v4/12/44/62/12446217-d3ff-a1ad-33fa-5cf39ad031b0/mzaf_5460530339045152975.plus.aac.p.m4a,https://is4-ssl.mzstatic.com/image/thumb/Music118/v4/0e/9b/d1/0e9bd186-2bb4-af3f-f4d0-62feb7a556da/source/30x30bb.jpg,https://is4-ssl.mzstatic.com/image/thumb/Music118/v4/0e/9b/d1/0e9bd186-2bb4-af3f-f4d0-62feb7a556da/source/60x60bb.jpg,https://is4-ssl.mzstatic.com/image/thumb/Music118/v4/0e/9b/d1/0e9bd186-2bb4-af3f-f4d0-62feb7a556da/source/100x100bb.jpg,12.99,1.29,1965-07-19T12:00:00Z,notExplicit,notExplicit,1,1,27,10,139240,USA,USD,Rock,True,
16,track,song,136975,1441164604,1441165168,The Beatles,Sgt. Pepper's Lonely Hearts Club Band,A Day In the Life,Sgt. Pepper's Lonely Hearts Club Band,A Day In the Life,https://music.apple.com/us/artist/the-beatles/136975?uo=4,https://music.apple.com/us/album/a-day-in-the-life/1441164604?i=1441165168&uo=4,https://music.apple.com/us/album/a-day-in-the-life/1441164604?i=1441165168&uo=4,https://audio-ssl.itunes.apple.com/itunes-assets/AudioPreview118/v4/9b/ae/66/9bae6668-be06-396c-e7f6-69c4ee6b108d/mzaf_3640527744551969508.plus.aac.p.m4a,https://is4-ssl.mzstatic.com/image/thumb/Music128/v4/ce/d2/af/ced2afdd-d9e8-9136-fb56-d854e91edc76/source/30x30bb.jpg,https://is4-ssl.mzstatic.com/image/thumb/Music128/v4/ce/d2/af/ced2afdd-d9e8-9136-fb56-d854e91edc76/source/60x60bb.jpg,https://is4-ssl.mzstatic.com/image/thumb/Music128/v4/ce/d2/af/ced2afdd-d9e8-9136-fb56-d854e91edc76/source/100x100bb.jpg,12.99,1.29,1967-06-01T12:00:00Z,notExplicit,notExplicit,1,1,13,13,335410,USA,USD,Rock,True,
17,track,song,136975,1441133100,1441133279,The Beatles,The Beatles 1967-1970 (The Blue Album),Revolution,The Beatles 1967-1970 (The Blue Album),Revolution,https://music.apple.com/us/artist/the-beatles/136975?uo=4,https://music.apple.com/us/album/revolution/1441133100?i=1441133279&uo=4,https://music.apple.com/us/album/revolution/1441133100?i=1441133279&uo=4,https://audio-ssl.itunes.apple.com/itunes-assets/AudioPreview128/v4/2d/55/72/2d557250-c42f-c845-5cb2-d28c53c760a7/mzaf_8748469769587534096.plus.aac.p.m4a,https://is5-ssl.mzstatic.com/image/thumb/Music128/v4/27/70/11/2770116d-0a57-f107-ba91-bd3679d44e5f/source/30x30bb.jpg,https://is5-ssl.mzstatic.com/image/thumb/Music128/v4/27/70/11/2770116d-0a57-f107-ba91-bd3679d44e5f/source/60x60bb.jpg,https://is5-ssl.mzstatic.com/image/thumb/Music128/v4/27/70/11/2770116d-0a57-f107-ba91-bd3679d44e5f/source/100x100bb.jpg,19.99,1.29,1968-08-26T12:00:00Z,notExplicit,notExplicit,2,1,14,14,203292,USA,USD,Rock,True,
18,track,song,136975,1440833098,1440833905,The Beatles,1 (2015 Version),Eleanor Rigby,1 (2015 Version),Eleanor Rigby (2015 Stereo Mix),https://music.apple.com/us/artist/the-beatles/136975?uo=4,https://music.apple.com/us/album/eleanor-rigby-2015-stereo-mix/1440833098?i=1440833905&uo=4,https://music.apple.com/us/album/eleanor-rigby-2015-stereo-mix/1440833098?i=1440833905&uo=4,https://audio-ssl.itunes.apple.com/itunes-assets/AudioPreview128/v4/9d/ec/19/9dec1995-b48e-49f0-c699-ca60ae62d4ba/mzaf_3039771311118919537.plus.aac.p.m4a,https://is4-ssl.mzstatic.com/image/thumb/Music118/v4/0e/9b/d1/0e9bd186-2bb4-af3f-f4d0-62feb7a556da/source/30x30bb.jpg,https://is4-ssl.mzstatic.com/image/thumb/Music118/v4/0e/9b/d1/0e9bd186-2bb4-af3f-f4d0-62feb7a556da/source/60x60bb.jpg,https://is4-ssl.mzstatic.com/image/thumb/Music118/v4/0e/9b/d1/0e9bd186-2bb4-af3f-f4d0-62feb7a556da/source/100x100bb.jpg,12.99,1.29,1966-08-05T12:00:00Z,notExplicit,notExplicit,1,1,27,16,125867,USA,USD,Rock,True,
19,track,song,136975,1440833098,1440834221,The Beatles,1 (2015 Version),"Hello, Goodbye",1 (2015 Version),"Hello, Goodbye (2015 Stereo Mix)",https://music.apple.com/us/artist/the-beatles/136975?uo=4,https://music.apple.com/us/album/hello-goodbye-2015-stereo-mix/1440833098?i=1440834221&uo=4,https://music.apple.com/us/album/hello-goodbye-2015-stereo-mix/1440833098?i=1440834221&uo=4,https://audio-ssl.itunes.apple.com/itunes-assets/AudioPreview128/v4/c6/16/36/c61636a1-a295-b0ea-01b1-348c5ec666c0/mzaf_7348360297735842592.plus.aac.p.m4a,https://is4-ssl.mzstatic.com/image/thumb/Music118/v4/0e/9b/d1/0e9bd186-2bb4-af3f-f4d0-62feb7a556da/source/30x30bb.jpg,https://is4-ssl.mzstatic.com/image/thumb/Music118/v4/0e/9b/d1/0e9bd186-2bb4-af3f-f4d0-62feb7a556da/source/60x60bb.jpg,https://is4-ssl.mzstatic.com/image/thumb/Music118/v4/0e/9b/d1/0e9bd186-2bb4-af3f-f4d0-62feb7a556da/source/100x100bb.jpg,12.99,1.29,1967-11-24T12:00:00Z,notExplicit,notExplicit,1,1,27,19,207787,USA,USD,Rock,True,
20,track,song,136975,1440833098,1440833891,The Beatles,1 (2015 Version),Yesterday,1 (2015 Version),Yesterday (2015 Stereo Mix),https://music.apple.com/us/artist/the-beatles/136975?uo=4,https://music.apple.com/us/album/yesterday-2015-stereo-mix/1440833098?i=1440833891&uo=4,https://music.apple.com/us/album/yesterday-2015-stereo-mix/1440833098?i=1440833891&uo=4,https://audio-ssl.itunes.apple.com/itunes-assets/AudioPreview128/v4/1c/26/c4/1c26c4fa-5376-3cb4-2274-6de1406b2d20/mzaf_1306707066957001602.plus.aac.p.m4a,https://is4-ssl.mzstatic.com/image/thumb/Music118/v4/0e/9b/d1/0e9bd186-2bb4-af3f-f4d0-62feb7a556da/source/30x30bb.jpg,https://is4-ssl.mzstatic.com/image/thumb/Music118/v4/0e/9b/d1/0e9bd186-2bb4-af3f-f4d0-62feb7a556da/source/60x60bb.jpg,https://is4-ssl.mzstatic.com/image/thumb/Music118/v4/0e/9b/d1/0e9bd186-2bb4-af3f-f4d0-62feb7a556da/source/100x100bb.jpg,12.99,1.29,1965-09-13T12:00:00Z,notExplicit,notExplicit,1,1,27,11,125320,USA,USD,Rock,True,
21,track,song,136975,1440833098,1440834467,The Beatles,1 (2015 Version),The Long and Winding Road,1 (2015 Version),The Long and Winding Road (2015 Stereo Mix),https://music.apple.com/us/artist/the-beatles/136975?uo=4,https://music.apple.com/us/album/the-long-and-winding-road-2015-stereo-mix/1440833098?i=1440834467&uo=4,https://music.apple.com/us/album/the-long-and-winding-road-2015-stereo-mix/1440833098?i=1440834467&uo=4,https://audio-ssl.itunes.apple.com/itunes-assets/AudioPreview128/v4/c0/94/4e/c0944ed5-3565-3fb0-e2f5-99b3677b14b6/mzaf_2502683357232279658.plus.aac.p.m4a,https://is4-ssl.mzstatic.com/image/thumb/Music118/v4/0e/9b/d1/0e9bd186-2bb4-af3f-f4d0-62feb7a556da/source/30x30bb.jpg,https://is4-ssl.mzstatic.com/image/thumb/Music118/v4/0e/9b/d1/0e9bd186-2bb4-af3f-f4d0-62feb7a556da/source/60x60bb.jpg,https://is4-ssl.mzstatic.com/image/thumb/Music118/v4/0e/9b/d1/0e9bd186-2bb4-af3f-f4d0-62feb7a556da/source/100x100bb.jpg,12.99,1.29,1970-05-11T12:00:00Z,notExplicit,notExplicit,1,1,27,27,219427,USA,USD,Rock,True,
22,track,song,136975,1440833098,1440833902,The Beatles,1 (2015 Version),Yellow Submarine,1 (2015 Version),Yellow Submarine (2015 Stereo Mix),https://music.apple.com/us/artist/the-beatles/136975?uo=4,https://music.apple.com/us/album/yellow-submarine-2015-stereo-mix/1440833098?i=1440833902&uo=4,https://music.apple.com/us/album/yellow-submarine-2015-stereo-mix/1440833098?i=1440833902&uo=4,https://audio-ssl.itunes.apple.com/itunes-assets/AudioPreview118/v4/e7/7b/b1/e77bb1ff-5407-388e-d44a-eebdacc0d0ff/mzaf_6439049356747100214.plus.aac.p.m4a,https://is4-ssl.mzstatic.com/image/thumb/Music118/v4/0e/9b/d1/0e9bd186-2bb4-af3f-f4d0-62feb7a556da/source/30x30bb.jpg,https://is4-ssl.mzstatic.com/image/thumb/Music118/v4/0e/9b/d1/0e9bd186-2bb4-af3f-f4d0-62feb7a556da/source/60x60bb.jpg,https://is4-ssl.mzstatic.com/image/thumb/Music118/v4/0e/9b/d1/0e9bd186-2bb4-af3f-f4d0-62feb7a556da/source/100x100bb.jpg,12.99,1.29,1966-08-05T12:00:00Z,notExplicit,notExplicit,1,1,27,15,158800,USA,USD,Rock,True,
23,track,song,136975,1441164604,1441164852,The Beatles,Sgt. Pepper's Lonely Hearts Club Band,Lucy In the Sky with Diamonds,Sgt. Pepper's Lonely Hearts Club Band,Lucy In the Sky with Diamonds,https://music.apple.com/us/artist/the-beatles/136975?uo=4,https://music.apple.com/us/album/lucy-in-the-sky-with-diamonds/1441164604?i=1441164852&uo=4,https://music.apple.com/us/album/lucy-in-the-sky-with-diamonds/1441164604?i=1441164852&uo=4,https://audio-ssl.itunes.apple.com/itunes-assets/AudioPreview128/v4/72/42/f0/7242f026-5b61-4e7f-0faa-bb0f2af72418/mzaf_5785100427232613775.plus.aac.p.m4a,https://is4-ssl.mzstatic.com/image/thumb/Music128/v4/ce/d2/af/ced2afdd-d9e8-9136-fb56-d854e91edc76/source/30x30bb.jpg,https://is4-ssl.mzstatic.com/image/thumb/Music128/v4/ce/d2/af/ced2afdd-d9e8-9136-fb56-d854e91edc76/source/60x60bb.jpg,https://is4-ssl.mzstatic.com/image/thumb/Music128/v4/ce/d2/af/ced2afdd-d9e8-9136-fb56-d854e91edc76/source/100x100bb.jpg,12.99,1.29,1967-06-01T12:00:00Z,notExplicit,notExplicit,1,1,13,3,208467,USA,USD,Rock,True,
24,track,song,136975,1440833098,1440834249,The Beatles,1 (2015 Version),Let It Be,1 (2015 Version),Let It Be (2015 Stereo Mix),https://music.apple.com/us/artist/the-beatles/136975?uo=4,https://music.apple.com/us/album/let-it-be-2015-stereo-mix/1440833098?i=1440834249&uo=4,https://music.apple.com/us/album/let-it-be-2015-stereo-mix/1440833098?i=1440834249&uo=4,https://audio-ssl.itunes.apple.com/itunes-assets/AudioPreview128/v4/4e/64/5c/4e645c61-8a6f-b733-605a-995f9c2cda3f/mzaf_1457302811904849737.plus.aac.p.m4a,https://is4-ssl.mzstatic.com/image/thumb/Music118/v4/0e/9b/d1/0e9bd186-2bb4-af3f-f4d0-62feb7a556da/source/30x30bb.jpg,https://is4-ssl.mzstatic.com/image/thumb/Music118/v4/0e/9b/d1/0e9bd186-2bb4-af3f-f4d0-62feb7a556da/source/60x60bb.jpg,https://is4-ssl.mzstatic.com/image/thumb/Music118/v4/0e/9b/d1/0e9bd186-2bb4-af3f-f4d0-62feb7a556da/source/100x100bb.jpg,12.99,1.29,1970-03-06T12:00:00Z,notExplicit,notExplicit,1,1,27,26,230440,USA,USD,Rock,True,
25,track,song,136975,1440833098,1440833542,The Beatles,1 (2015 Version),I Want to Hold Your Hand,1 (2015 Version),I Want to Hold Your Hand (2015 Stereo Mix),https://music.apple.com/us/artist/the-beatles/136975?uo=4,https://music.apple.com/us/album/i-want-to-hold-your-hand-2015-stereo-mix/1440833098?i=1440833542&uo=4,https://music.apple.com/us/album/i-want-to-hold-your-hand-2015-stereo-mix/1440833098?i=1440833542&uo=4,https://audio-ssl.itunes.apple.com/itunes-assets/AudioPreview128/v4/17/3f/a8/173fa821-b1d6-cc6c-4d31-0f43d6f53c6f/mzaf_5510883501742086084.plus.aac.p.m4a,https://is4-ssl.mzstatic.com/image/thumb/Music118/v4/0e/9b/d1/0e9bd186-2bb4-af3f-f4d0-62feb7a556da/source/30x30bb.jpg,https://is4-ssl.mzstatic.com/image/thumb/Music118/v4/0e/9b/d1/0e9bd186-2bb4-af3f-f4d0-62feb7a556da/source/60x60bb.jpg,https://is4-ssl.mzstatic.com/image/thumb/Music118/v4/0e/9b/d1/0e9bd186-2bb4-af3f-f4d0-62feb7a556da/source/100x100bb.jpg,12.99,1.29,1963-11-29T12:00:00Z,notExplicit,notExplicit,1,1,27,4,145747,USA,USD,Rock,True,
26,track,song,136975,1440833098,1440833897,The Beatles,1 (2015 Version),We Can Work It Out,1 (2015 Version),We Can Work It Out (2015 Stereo Mix),https://music.apple.com/us/artist/the-beatles/136975?uo=4,https://music.apple.com/us/album/we-can-work-it-out-2015-stereo-mix/1440833098?i=1440833897&uo=4,https://music.apple.com/us/album/we-can-work-it-out-2015-stereo-mix/1440833098?i=1440833897&uo=4,https://audio-ssl.itunes.apple.com/itunes-assets/AudioPreview128/v4/9f/a5/a1/9fa5a193-1d23-7d05-d881-e8009636a625/mzaf_4645345346024174852.plus.aac.p.m4a,https://is4-ssl.mzstatic.com/image/thumb/Music118/v4/0e/9b/d1/0e9bd186-2bb4-af3f-f4d0-62feb7a556da/source/30x30bb.jpg,https://is4-ssl.mzstatic.com/image/thumb/Music118/v4/0e/9b/d1/0e9bd186-2bb4-af3f-f4d0-62feb7a556da/source/60x60bb.jpg,https://is4-ssl.mzstatic.com/image/thumb/Music118/v4/0e/9b/d1/0e9bd186-2bb4-af3f-f4d0-62feb7a556da/source/100x100bb.jpg,12.99,1.29,1965-12-03T12:00:00Z,notExplicit,notExplicit,1,1,27,13,135693,USA,USD,Rock,True,
27,track,song,136975,1440833098,1440833544,The Beatles,1 (2015 Version),A Hard Day's Night,1 (2015 Version),A Hard Day's Night (2015 Stereo Mix),https://music.apple.com/us/artist/the-beatles/136975?uo=4,https://music.apple.com/us/album/a-hard-days-night-2015-stereo-mix/1440833098?i=1440833544&uo=4,https://music.apple.com/us/album/a-hard-days-night-2015-stereo-mix/1440833098?i=1440833544&uo=4,https://audio-ssl.itunes.apple.com/itunes-assets/AudioPreview118/v4/d6/d9/00/d6d900df-5c39-b5aa-59cf-4c8af2e5c226/mzaf_8010247441040680055.plus.aac.p.m4a,https://is4-ssl.mzstatic.com/image/thumb/Music118/v4/0e/9b/d1/0e9bd186-2bb4-af3f-f4d0-62feb7a556da/source/30x30bb.jpg,https://is4-ssl.mzstatic.com/image/thumb/Music118/v4/0e/9b/d1/0e9bd186-2bb4-af3f-f4d0-62feb7a556da/source/60x60bb.jpg,https://is4-ssl.mzstatic.com/image/thumb/Music118/v4/0e/9b/d1/0e9bd186-2bb4-af3f-f4d0-62feb7a556da/source/100x100bb.jpg,12.99,1.29,1964-07-10T12:00:00Z,notExplicit,notExplicit,1,1,27,6,152920,USA,USD,Rock,True,
28,track,song,136975,1441164604,1441164866,The Beatles,Sgt. Pepper's Lonely Hearts Club Band,When I'm Sixty-Four,Sgt. Pepper's Lonely Hearts Club Band,When I'm Sixty-Four,https://music.apple.com/us/artist/the-beatles/136975?uo=4,https://music.apple.com/us/album/when-im-sixty-four/1441164604?i=1441164866&uo=4,https://music.apple.com/us/album/when-im-sixty-four/1441164604?i=1441164866&uo=4,https://audio-ssl.itunes.apple.com/itunes-assets/AudioPreview128/v4/b2/96/fb/b296fb7e-334c-ab6d-6125-974d2deec6c8/mzaf_3175631363684734163.plus.aac.p.m4a,https://is4-ssl.mzstatic.com/image/thumb/Music128/v4/ce/d2/af/ced2afdd-d9e8-9136-fb56-d854e91edc76/source/30x30bb.jpg,https://is4-ssl.mzstatic.com/image/thumb/Music128/v4/ce/d2/af/ced2afdd-d9e8-9136-fb56-d854e91edc76/source/60x60bb.jpg,https://is4-ssl.mzstatic.com/image/thumb/Music128/v4/ce/d2/af/ced2afdd-d9e8-9136-fb56-d854e91edc76/source/100x100bb.jpg,12.99,1.29,1967-06-01T12:00:00Z,notExplicit,notExplicit,1,1,13,9,157667,USA,USD,Rock,True,
29,track,song,136975,1440833098,1440833334,The Beatles,1 (2015 Version),Love Me Do,1 (2015 Version),Love Me Do (Mono),https://music.apple.com/us/artist/the-beatles/136975?uo=4,https://music.apple.com/us/album/love-me-do-mono/1440833098?i=1440833334&uo=4,https://music.apple.com/us/album/love-me-do-mono/1440833098?i=1440833334&uo=4,https://audio-ssl.itunes.apple.com/itunes-assets/AudioPreview118/v4/55/55/0a/55550a59-706b-dd46-6a67-65632bd85031/mzaf_5890227976073220653.plus.aac.p.m4a,https://is4-ssl.mzstatic.com/image/thumb/Music118/v4/0e/9b/d1/0e9bd186-2bb4-af3f-f4d0-62feb7a556da/source/30x30bb.jpg,https://is4-ssl.mzstatic.com/image/thumb/Music118/v4/0e/9b/d1/0e9bd186-2bb4-af3f-f4d0-62feb7a556da/source/60x60bb.jpg,https://is4-ssl.mzstatic.com/image/thumb/Music118/v4/0e/9b/d1/0e9bd186-2bb4-af3f-f4d0-62feb7a556da/source/100x100bb.jpg,12.99,1.29,1962-10-05T12:00:00Z,notExplicit,notExplicit,1,1,27,1,140173,USA,USD,Rock,True,
30,track,song,136975,1440833098,1440833893,The Beatles,1 (2015 Version),Day Tripper,1 (2015 Version),Day Tripper (2015 Stereo Mix),https://music.apple.com/us/artist/the-beatles/136975?uo=4,https://music.apple.com/us/album/day-tripper-2015-stereo-mix/1440833098?i=1440833893&uo=4,https://music.apple.com/us/album/day-tripper-2015-stereo-mix/1440833098?i=1440833893&uo=4,https://audio-ssl.itunes.apple.com/itunes-assets/AudioPreview118/v4/ed/9c/d5/ed9cd587-f7f6-1c6b-8dc3-f2f8d776a966/mzaf_7049642521360281009.plus.aac.p.m4a,https://is4-ssl.mzstatic.com/image/thumb/Music118/v4/0e/9b/d1/0e9bd186-2bb4-af3f-f4d0-62feb7a556da/source/30x30bb.jpg,https://is4-ssl.mzstatic.com/image/thumb/Music118/v4/0e/9b/d1/0e9bd186-2bb4-af3f-f4d0-62feb7a556da/source/60x60bb.jpg,https://is4-ssl.mzstatic.com/image/thumb/Music118/v4/0e/9b/d1/0e9bd186-2bb4-af3f-f4d0-62feb7a556da/source/100x100bb.jpg,12.99,1.29,1965-12-03T12:00:00Z,notExplicit,notExplicit,1,1,27,12,169000,USA,USD,Rock,True,
31,track,song,136975,1440833098,1440833539,The Beatles,1 (2015 Version),She Loves You,1 (2015 Version),She Loves You (Mono),https://music.apple.com/us/artist/the-beatles/136975?uo=4,https://music.apple.com/us/album/she-loves-you-mono/1440833098?i=1440833539&uo=4,https://music.apple.com/us/album/she-loves-you-mono/1440833098?i=1440833539&uo=4,https://audio-ssl.itunes.apple.com/itunes-assets/AudioPreview118/v4/70/dc/e4/70dce47e-fd19-01f6-e2bb-e77e21c4646c/mzaf_7313969891523882345.plus.aac.p.m4a,https://is4-ssl.mzstatic.com/image/thumb/Music118/v4/0e/9b/d1/0e9bd186-2bb4-af3f-f4d0-62feb7a556da/source/30x30bb.jpg,https://is4-ssl.mzstatic.com/image/thumb/Music118/v4/0e/9b/d1/0e9bd186-2bb4-af3f-f4d0-62feb7a556da/source/60x60bb.jpg,https://is4-ssl.mzstatic.com/image/thumb/Music118/v4/0e/9b/d1/0e9bd186-2bb4-af3f-f4d0-62feb7a556da/source/100x100bb.jpg,12.99,1.29,1963-08-23T12:00:00Z,notExplicit,notExplicit,1,1,27,3,140920,USA,USD,Rock,True,
32,track,song,136975,1440833098,1440834236,The Beatles,1 (2015 Version),Something,1 (2015 Version),Something (2015 Stereo Mix),https://music.apple.com/us/artist/the-beatles/136975?uo=4,https://music.apple.com/us/album/something-2015-stereo-mix/1440833098?i=1440834236&uo=4,https://music.apple.com/us/album/something-2015-stereo-mix/1440833098?i=1440834236&uo=4,https://audio-ssl.itunes.apple.com/itunes-assets/AudioPreview128/v4/91/0f/f6/910ff66b-8ab0-8983-5d19-26464300f2c0/mzaf_2269981489538876608.plus.aac.p.m4a,https://is4-ssl.mzstatic.com/image/thumb/Music118/v4/0e/9b/d1/0e9bd186-2bb4-af3f-f4d0-62feb7a556da/source/30x30bb.jpg,https://is4-ssl.mzstatic.com/image/thumb/Music118/v4/0e/9b/d1/0e9bd186-2bb4-af3f-f4d0-62feb7a556da/source/60x60bb.jpg,https://is4-ssl.mzstatic.com/image/thumb/Music118/v4/0e/9b/d1/0e9bd186-2bb4-af3f-f4d0-62feb7a556da/source/100x100bb.jpg,12.99,1.29,1969-10-06T12:00:00Z,notExplicit,notExplicit,1,1,27,24,181413,USA,USD,Rock,True,
33,track,song,136975,1440833098,1440833899,The Beatles,1 (2015 Version),Paperback Writer,1 (2015 Version),Paperback Writer (2015 Stereo Mix),https://music.apple.com/us/artist/the-beatles/136975?uo=4,https://music.apple.com/us/album/paperback-writer-2015-stereo-mix/1440833098?i=1440833899&uo=4,https://music.apple.com/us/album/paperback-writer-2015-stereo-mix/1440833098?i=1440833899&uo=4,https://audio-ssl.itunes.apple.com/itunes-assets/AudioPreview118/v4/0e/ff/8c/0eff8c5f-917b-c6d4-24e3-123aa020d355/mzaf_4877198038308667823.plus.aac.p.m4a,https://is4-ssl.mzstatic.com/image/thumb/Music118/v4/0e/9b/d1/0e9bd186-2bb4-af3f-f4d0-62feb7a556da/source/30x30bb.jpg,https://is4-ssl.mzstatic.com/image/thumb/Music118/v4/0e/9b/d1/0e9bd186-2bb4-af3f-f4d0-62feb7a556da/source/60x60bb.jpg,https://is4-ssl.mzstatic.com/image/thumb/Music118/v4/0e/9b/d1/0e9bd186-2bb4-af3f-f4d0-62feb7a556da/source/100x100bb.jpg,12.99,1.29,1966-05-30T12:00:00Z,notExplicit,notExplicit,1,1,27,14,138200,USA,USD,Rock,True,
34,track,song,136975,1440833098,1440833534,The Beatles,1 (2015 Version),From Me to You,1 (2015 Version),From Me to You (Mono),https://music.apple.com/us/artist/the-beatles/136975?uo=4,https://music.apple.com/us/album/from-me-to-you-mono/1440833098?i=1440833534&uo=4,https://music.apple.com/us/album/from-me-to-you-mono/1440833098?i=1440833534&uo=4,https://audio-ssl.itunes.apple.com/itunes-assets/AudioPreview128/v4/14/2f/4d/142f4dd8-ef64-581f-2498-f9ce2d8c89f5/mzaf_6301488034228782783.plus.aac.p.m4a,https://is4-ssl.mzstatic.com/image/thumb/Music118/v4/0e/9b/d1/0e9bd186-2bb4-af3f-f4d0-62feb7a556da/source/30x30bb.jpg,https://is4-ssl.mzstatic.com/image/thumb/Music118/v4/0e/9b/d1/0e9bd186-2bb4-af3f-f4d0-62feb7a556da/source/60x60bb.jpg,https://is4-ssl.mzstatic.com/image/thumb/Music118/v4/0e/9b/d1/0e9bd186-2bb4-af3f-f4d0-62feb7a556da/source/100x100bb.jpg,12.99,1.29,1963-04-11T12:00:00Z,notExplicit,notExplicit,1,1,27,2,116160,USA,USD,Rock,True,
35,track,song,136975,1440833098,1440834242,The Beatles,1 (2015 Version),Come Together,1 (2015 Version),Come Together (2015 Stereo Mix),https://music.apple.com/us/artist/the-beatles/136975?uo=4,https://music.apple.com/us/album/come-together-2015-stereo-mix/1440833098?i=1440834242&uo=4,https://music.apple.com/us/album/come-together-2015-stereo-mix/1440833098?i=1440834242&uo=4,https://audio-ssl.itunes.apple.com/itunes-assets/AudioPreview128/v4/a9/5b/a2/a95ba23a-fa48-b282-56e1-601a2e50c95a/mzaf_5687338690458062822.plus.aac.p.m4a,https://is4-ssl.mzstatic.com/image/thumb/Music118/v4/0e/9b/d1/0e9bd186-2bb4-af3f-f4d0-62feb7a556da/source/30x30bb.jpg,https://is4-ssl.mzstatic.com/image/thumb/Music118/v4/0e/9b/d1/0e9bd186-2bb4-af3f-f4d0-62feb7a556da/source/60x60bb.jpg,https://is4-ssl.mzstatic.com/image/thumb/Music118/v4/0e/9b/d1/0e9bd186-2bb4-af3f-f4d0-62feb7a556da/source/100x100bb.jpg,12.99,1.29,1969-10-06T12:00:00Z,notExplicit,notExplicit,1,1,27,25,258693,USA,USD,Rock,True,
36,track,song,136975,1440833098,1440833549,The Beatles,1 (2015 Version),Eight Days a Week,1 (2015 Version),Eight Days a Week (2015 Stereo Mix),https://music.apple.com/us/artist/the-beatles/136975?uo=4,https://music.apple.com/us/album/eight-days-a-week-2015-stereo-mix/1440833098?i=1440833549&uo=4,https://music.apple.com/us/album/eight-days-a-week-2015-stereo-mix/1440833098?i=1440833549&uo=4,https://audio-ssl.itunes.apple.com/itunes-assets/AudioPreview128/v4/63/6a/80/636a8056-8d1f-458e-ffa4-fb00f79baa75/mzaf_2511992549454215167.plus.aac.p.m4a,https://is4-ssl.mzstatic.com/image/thumb/Music118/v4/0e/9b/d1/0e9bd186-2bb4-af3f-f4d0-62feb7a556da/source/30x30bb.jpg,https://is4-ssl.mzstatic.com/image/thumb/Music118/v4/0e/9b/d1/0e9bd186-2bb4-af3f-f4d0-62feb7a556da/source/60x60bb.jpg,https://is4-ssl.mzstatic.com/image/thumb/Music118/v4/0e/9b/d1/0e9bd186-2bb4-af3f-f4d0-62feb7a556da/source/100x100bb.jpg,12.99,1.29,1964-12-04T12:00:00Z,notExplicit,notExplicit,1,1,27,8,163320,USA,USD,Rock,True,
37,track,song,136975,1440833098,1440834231,The Beatles,1 (2015 Version),The Ballad of John and Yoko,1 (2015 Version),The Ballad of John and Yoko (2015 Stereo Mix),https://music.apple.com/us/artist/the-beatles/136975?uo=4,https://music.apple.com/us/album/the-ballad-of-john-and-yoko-2015-stereo-mix/1440833098?i=1440834231&uo=4,https://music.apple.com/us/album/the-ballad-of-john-and-yoko-2015-stereo-mix/1440833098?i=1440834231&uo=4,https://audio-ssl.itunes.apple.com/itunes-assets/AudioPreview128/v4/50/f9/5a/50f95ae8-a4bb-0000-6712-cf4cc6607d5c/mzaf_3770660748823400151.plus.aac.p.m4a,https://is4-ssl.mzstatic.com/image/thumb/Music118/v4/0e/9b/d1/0e9bd186-2bb4-af3f-f4d0-62feb7a556da/source/30x30bb.jpg,https://is4-ssl.mzstatic.com/image/thumb/Music118/v4/0e/9b/d1/0e9bd186-2bb4-af3f-f4d0-62feb7a556da/source/60x60bb.jpg,https://is4-ssl.mzstatic.com/image/thumb/Music118/v4/0e/9b/d1/0e9bd186-2bb4-af3f-f4d0-62feb7a556da/source/100x100bb.jpg,12.99,1.29,1969-05-30T12:00:00Z,notExplicit,notExplicit,1,1,27,23,179480,USA,USD,Rock,True,
38,track,song,136975,1440833098,1440833545,The Beatles,1 (2015 Version),I Feel Fine,1 (2015 Version),I Feel Fine (2015 Stereo Mix),https://music.apple.com/us/artist/the-beatles/136975?uo=4,https://music.apple.com/us/album/i-feel-fine-2015-stereo-mix/1440833098?i=1440833545&uo=4,https://music.apple.com/us/album/i-feel-fine-2015-stereo-mix/1440833098?i=1440833545&uo=4,https://audio-ssl.itunes.apple.com/itunes-assets/AudioPreview118/v4/a6/e0/c1/a6e0c1cc-f8ac-aa13-9ea4-70ac330d1010/mzaf_2905547089034391315.plus.aac.p.m4a,https://is4-ssl.mzstatic.com/image/thumb/Music118/v4/0e/9b/d1/0e9bd186-2bb4-af3f-f4d0-62feb7a556da/source/30x30bb.jpg,https://is4-ssl.mzstatic.com/image/thumb/Music118/v4/0e/9b/d1/0e9bd186-2bb4-af3f-f4d0-62feb7a556da/source/60x60bb.jpg,https://is4-ssl.mzstatic.com/image/thumb/Music118/v4/0e/9b/d1/0e9bd186-2bb4-af3f-f4d0-62feb7a556da/source/100x100bb.jpg,12.99,1.29,1964-11-24T12:00:00Z,notExplicit,notExplicit,1,1,27,7,139347,USA,USD,Rock,True,
39,track,song,136975,1441133180,1441134086,The Beatles,The Beatles (The White Album),Birthday,The Beatles (The White Album),Birthday,https://music.apple.com/us/artist/the-beatles/136975?uo=4,https://music.apple.com/us/album/birthday/1441133180?i=1441134086&uo=4,https://music.apple.com/us/album/birthday/1441133180?i=1441134086&uo=4,https://audio-ssl.itunes.apple.com/itunes-assets/AudioPreview118/v4/4d/3e/0e/4d3e0e54-3667-2906-59a9-454ee5058eb7/mzaf_5595264265348220958.plus.aac.p.m4a,https://is5-ssl.mzstatic.com/image/thumb/Music128/v4/6f/d1/7a/6fd17a58-e715-54e1-e9d3-d63575108a4e/source/30x30bb.jpg,https://is5-ssl.mzstatic.com/image/thumb/Music128/v4/6f/d1/7a/6fd17a58-e715-54e1-e9d3-d63575108a4e/source/60x60bb.jpg,https://is5-ssl.mzstatic.com/image/thumb/Music128/v4/6f/d1/7a/6fd17a58-e715-54e1-e9d3-d63575108a4e/source/100x100bb.jpg,19.99,1.29,1968-11-22T12:00:00Z,notExplicit,notExplicit,3,2,13,1,162080,USA,USD,Rock,True,
40,track,song,136975,1440833098,1440834222,The Beatles,1 (2015 Version),Lady Madonna,1 (2015 Version),Lady Madonna (2015 Stereo Mix),https://music.apple.com/us/artist/the-beatles/136975?uo=4,https://music.apple.com/us/album/lady-madonna-2015-stereo-mix/1440833098?i=1440834222&uo=4,https://music.apple.com/us/album/lady-madonna-2015-stereo-mix/1440833098?i=1440834222&uo=4,https://audio-ssl.itunes.apple.com/itunes-assets/AudioPreview128/v4/50/33/a6/5033a654-00a5-4ea5-996a-a7cd2d150812/mzaf_4861843133700324445.plus.aac.p.m4a,https://is4-ssl.mzstatic.com/image/thumb/Music118/v4/0e/9b/d1/0e9bd186-2bb4-af3f-f4d0-62feb7a556da/source/30x30bb.jpg,https://is4-ssl.mzstatic.com/image/thumb/Music118/v4/0e/9b/d1/0e9bd186-2bb4-af3f-f4d0-62feb7a556da/source/60x60bb.jpg,https://is4-ssl.mzstatic.com/image/thumb/Music118/v4/0e/9b/d1/0e9bd186-2bb4-af3f-f4d0-62feb7a556da/source/100x100bb.jpg,12.99,1.29,1968-03-15T12:00:00Z,notExplicit,notExplicit,1,1,27,20,136827,USA,USD,Rock,True,
41,track,song,136975,1474815798,1474815801,The Beatles,Abbey Road (2019 Mix),Something,Abbey Road (2019 Mix),Something (2019 Mix),https://music.apple.com/us/artist/the-beatles/136975?uo=4,https://music.apple.com/us/album/something-2019-mix/1474815798?i=1474815801&uo=4,https://music.apple.com/us/album/something-2019-mix/1474815798?i=1474815801&uo=4,https://audio-ssl.itunes.apple.com/itunes-assets/AudioPreview123/v4/9d/41/2f/9d412fda-3701-3c26-ab3c-12e066a202c2/mzaf_16419042126380837604.plus.aac.p.m4a,https://is2-ssl.mzstatic.com/image/thumb/Music123/v4/6e/db/f5/6edbf5a8-b990-8f89-af12-8cc464f03da1/source/30x30bb.jpg,https://is2-ssl.mzstatic.com/image/thumb/Music123/v4/6e/db/f5/6edbf5a8-b990-8f89-af12-8cc464f03da1/source/60x60bb.jpg,https://is2-ssl.mzstatic.com/image/thumb/Music123/v4/6e/db/f5/6edbf5a8-b990-8f89-af12-8cc464f03da1/source/100x100bb.jpg,9.99,1.29,1969-09-26T12:00:00Z,notExplicit,notExplicit,1,1,17,2,182227,USA,USD,Rock,False,
42,track,song,136975,1474815798,1474815904,The Beatles,Abbey Road (2019 Mix),She Came in Through the Bathroom Window,Abbey Road (2019 Mix),She Came in Through the Bathroom Window (2019 Mix),https://music.apple.com/us/artist/the-beatles/136975?uo=4,https://music.apple.com/us/album/she-came-in-through-the-bathroom-window-2019-mix/1474815798?i=1474815904&uo=4,https://music.apple.com/us/album/she-came-in-through-the-bathroom-window-2019-mix/1474815798?i=1474815904&uo=4,https://audio-ssl.itunes.apple.com/itunes-assets/AudioPreview113/v4/3e/ed/e2/3eede204-e3ac-15ef-3aad-7a029a5335c3/mzaf_2198574032876296820.plus.aac.p.m4a,https://is2-ssl.mzstatic.com/image/thumb/Music123/v4/6e/db/f5/6edbf5a8-b990-8f89-af12-8cc464f03da1/source/30x30bb.jpg,https://is2-ssl.mzstatic.com/image/thumb/Music123/v4/6e/db/f5/6edbf5a8-b990-8f89-af12-8cc464f03da1/source/60x60bb.jpg,https://is2-ssl.mzstatic.com/image/thumb/Music123/v4/6e/db/f5/6edbf5a8-b990-8f89-af12-8cc464f03da1/source/100x100bb.jpg,9.99,1.29,1969-09-26T12:00:00Z,notExplicit,notExplicit,1,1,17,13,118813,USA,USD,Rock,False,
43,track,song,136975,1440833098,1440833554,The Beatles,1 (2015 Version),Ticket to Ride,1 (2015 Version),Ticket to Ride (2015 Stereo Mix),https://music.apple.com/us/artist/the-beatles/136975?uo=4,https://music.apple.com/us/album/ticket-to-ride-2015-stereo-mix/1440833098?i=1440833554&uo=4,https://music.apple.com/us/album/ticket-to-ride-2015-stereo-mix/1440833098?i=1440833554&uo=4,https://audio-ssl.itunes.apple.com/itunes-assets/AudioPreview118/v4/a2/f6/fd/a2f6fd4d-59c2-99a4-bd9e-58719ce581fc/mzaf_2321870046719574615.plus.aac.p.m4a,https://is4-ssl.mzstatic.com/image/thumb/Music118/v4/0e/9b/d1/0e9bd186-2bb4-af3f-f4d0-62feb7a556da/source/30x30bb.jpg,https://is4-ssl.mzstatic.com/image/thumb/Music118/v4/0e/9b/d1/0e9bd186-2bb4-af3f-f4d0-62feb7a556da/source/60x60bb.jpg,https://is4-ssl.mzstatic.com/image/thumb/Music118/v4/0e/9b/d1/0e9bd186-2bb4-af3f-f4d0-62feb7a556da/source/100x100bb.jpg,12.99,1.29,1965-04-09T12:00:00Z,notExplicit,notExplicit,1,1,27,9,190120,USA,USD,Rock,True,
44,track,song,136975,1474815798,1474815900,The Beatles,Abbey Road (2019 Mix),You Never Give Me Your Money,Abbey Road (2019 Mix),You Never Give Me Your Money (2019 Mix),https://music.apple.com/us/artist/the-beatles/136975?uo=4,https://music.apple.com/us/album/you-never-give-me-your-money-2019-mix/1474815798?i=1474815900&uo=4,https://music.apple.com/us/album/you-never-give-me-your-money-2019-mix/1474815798?i=1474815900&uo=4,https://audio-ssl.itunes.apple.com/itunes-assets/AudioPreview123/v4/0a/68/32/0a68328d-c56c-831d-305e-e580e22d10e9/mzaf_4384933536595479445.plus.aac.p.m4a,https://is2-ssl.mzstatic.com/image/thumb/Music123/v4/6e/db/f5/6edbf5a8-b990-8f89-af12-8cc464f03da1/source/30x30bb.jpg,https://is2-ssl.mzstatic.com/image/thumb/Music123/v4/6e/db/f5/6edbf5a8-b990-8f89-af12-8cc464f03da1/source/60x60bb.jpg,https://is2-ssl.mzstatic.com/image/thumb/Music123/v4/6e/db/f5/6edbf5a8-b990-8f89-af12-8cc464f03da1/source/100x100bb.jpg,9.99,1.29,1969-09-26T12:00:00Z,notExplicit,notExplicit,1,1,17,9,242667,USA,USD,Rock,False,
45,track,song,136975,1441164816,1441165136,The Beatles,Please Please Me,Twist and Shout,Please Please Me,Twist and Shout,https://music.apple.com/us/artist/the-beatles/136975?uo=4,https://music.apple.com/us/album/twist-and-shout/1441164816?i=1441165136&uo=4,https://music.apple.com/us/album/twist-and-shout/1441164816?i=1441165136&uo=4,https://audio-ssl.itunes.apple.com/itunes-assets/AudioPreview118/v4/6b/20/1b/6b201bf1-a308-bb9a-4953-c6f302c54d62/mzaf_5285533629486002543.plus.aac.p.m4a,https://is2-ssl.mzstatic.com/image/thumb/Music128/v4/89/43/86/894386ae-9107-9e92-8891-25f87c102ff3/source/30x30bb.jpg,https://is2-ssl.mzstatic.com/image/thumb/Music128/v4/89/43/86/894386ae-9107-9e92-8891-25f87c102ff3/source/60x60bb.jpg,https://is2-ssl.mzstatic.com/image/thumb/Music128/v4/89/43/86/894386ae-9107-9e92-8891-25f87c102ff3/source/100x100bb.jpg,12.99,1.29,1963-03-22T12:00:00Z,notExplicit,notExplicit,1,1,14,14,153225,USA,USD,Rock,True,
46,track,song,136975,1474815798,1474815804,The Beatles,Abbey Road (2019 Mix),Oh! Darling,Abbey Road (2019 Mix),Oh! Darling (2019 Mix),https://music.apple.com/us/artist/the-beatles/136975?uo=4,https://music.apple.com/us/album/oh-darling-2019-mix/1474815798?i=1474815804&uo=4,https://music.apple.com/us/album/oh-darling-2019-mix/1474815798?i=1474815804&uo=4,https://audio-ssl.itunes.apple.com/itunes-assets/AudioPreview123/v4/a9/62/e5/a962e5c5-a116-4790-f1bd-6df1debec447/mzaf_9748789692880784730.plus.aac.p.m4a,https://is2-ssl.mzstatic.com/image/thumb/Music123/v4/6e/db/f5/6edbf5a8-b990-8f89-af12-8cc464f03da1/source/30x30bb.jpg,https://is2-ssl.mzstatic.com/image/thumb/Music123/v4/6e/db/f5/6edbf5a8-b990-8f89-af12-8cc464f03da1/source/60x60bb.jpg,https://is2-ssl.mzstatic.com/image/thumb/Music123/v4/6e/db/f5/6edbf5a8-b990-8f89-af12-8cc464f03da1/source/100x100bb.jpg,9.99,1.29,1969-09-26T12:00:00Z,notExplicit,notExplicit,1,1,17,4,207147,USA,USD,Rock,False,
47,track,song,136975,1441164604,1441164721,The Beatles,Sgt. Pepper's Lonely Hearts Club Band,Sgt. Pepper's Lonely Hearts Club Band,Sgt. Pepper's Lonely Hearts Club Band,Sgt. Pepper's Lonely Hearts Club Band,https://music.apple.com/us/artist/the-beatles/136975?uo=4,https://music.apple.com/us/album/sgt-peppers-lonely-hearts-club-band/1441164604?i=1441164721&uo=4,https://music.apple.com/us/album/sgt-peppers-lonely-hearts-club-band/1441164604?i=1441164721&uo=4,https://audio-ssl.itunes.apple.com/itunes-assets/AudioPreview128/v4/36/73/98/367398ba-4db3-e602-1603-8bd6e14711d7/mzaf_958772216751163360.plus.aac.p.m4a,https://is4-ssl.mzstatic.com/image/thumb/Music128/v4/ce/d2/af/ced2afdd-d9e8-9136-fb56-d854e91edc76/source/30x30bb.jpg,https://is4-ssl.mzstatic.com/image/thumb/Music128/v4/ce/d2/af/ced2afdd-d9e8-9136-fb56-d854e91edc76/source/60x60bb.jpg,https://is4-ssl.mzstatic.com/image/thumb/Music128/v4/ce/d2/af/ced2afdd-d9e8-9136-fb56-d854e91edc76/source/100x100bb.jpg,12.99,1.29,1967-06-01T12:00:00Z,notExplicit,notExplicit,1,1,13,1,121893,USA,USD,Rock,True,
48,track,song,136975,1474815798,1474815905,The Beatles,Abbey Road (2019 Mix),Golden Slumbers,Abbey Road (2019 Mix),Golden Slumbers (2019 Mix),https://music.apple.com/us/artist/the-beatles/136975?uo=4,https://music.apple.com/us/album/golden-slumbers-2019-mix/1474815798?i=1474815905&uo=4,https://music.apple.com/us/album/golden-slumbers-2019-mix/1474815798?i=1474815905&uo=4,https://audio-ssl.itunes.apple.com/itunes-assets/AudioPreview123/v4/25/c4/55/25c455ff-dbc0-ea4c-72eb-08bcd54ba89b/mzaf_5723773389855252051.plus.aac.p.m4a,https://is2-ssl.mzstatic.com/image/thumb/Music123/v4/6e/db/f5/6edbf5a8-b990-8f89-af12-8cc464f03da1/source/30x30bb.jpg,https://is2-ssl.mzstatic.com/image/thumb/Music123/v4/6e/db/f5/6edbf5a8-b990-8f89-af12-8cc464f03da1/source/60x60bb.jpg,https://is2-ssl.mzstatic.com/image/thumb/Music123/v4/6e/db/f5/6edbf5a8-b990-8f89-af12-8cc464f03da1/source/100x100bb.jpg,9.99,1.29,1969-09-26T12:00:00Z,notExplicit,notExplicit,1,1,17,14,91440,USA,USD,Rock,False,
49,track,song,136975,1441133100,1441133101,The Beatles,The Beatles 1967-1970 (The Blue Album),Strawberry Fields Forever,The Beatles 1967-1970 (The Blue Album),Strawberry Fields Forever,https://music.apple.com/us/artist/the-beatles/136975?uo=4,https://music.apple.com/us/album/strawberry-fields-forever/1441133100?i=1441133101&uo=4,https://music.apple.com/us/album/strawberry-fields-forever/1441133100?i=1441133101&uo=4,https://audio-ssl.itunes.apple.com/itunes-assets/AudioPreview128/v4/45/44/ba/4544baa7-759e-0d33-526c-60b05fade033/mzaf_3742238767945692016.plus.aac.p.m4a,https://is5-ssl.mzstatic.com/image/thumb/Music128/v4/27/70/11/2770116d-0a57-f107-ba91-bd3679d44e5f/source/30x30bb.jpg,https://is5-ssl.mzstatic.com/image/thumb/Music128/v4/27/70/11/2770116d-0a57-f107-ba91-bd3679d44e5f/source/60x60bb.jpg,https://is5-ssl.mzstatic.com/image/thumb/Music128/v4/27/70/11/2770116d-0a57-f107-ba91-bd3679d44e5f/source/100x100bb.jpg,19.99,1.29,1967-02-13T12:00:00Z,notExplicit,notExplicit,2,1,14,1,247933,USA,USD,Rock,True,
